Page,Unique image file (change THIS one),Copied from (original)
about.html,img/home/about-01.jpg,img/home/about-story.jpg
about.html,img/home/about-02.jpg,img/home/about-mission.jpg
about.html,img/home/about-03.jpg,img/home/about-vision.jpg
about.html,img/home/about-04.jpg,img/founders.jpg
about.html,img/home/about-05.jpg,img/home/why-passion.jpg
about.html,img/home/about-06.jpg,img/home/why-innovation.jpg
about.html,img/home/about-07.jpg,img/home/why-commitment.jpg
about.html,img/home/about-08.jpg,img/home/why-onestop.jpg
about.html,img/home/about-09.jpg,img/home/events-hero.jpg
about.html,img/home/about-10.jpg,img/home/services-hero.jpg
about.html,img/home/about-11.jpg,img/home/occ-wedding.jpg
about.html,img/home/about-12.jpg,img/home/about-hero.jpg
about.html,img/home/about-13.jpg,img/home/ev-wedding.jpg
about.html,img/home/about-14.jpg,img/home/ev-haldi.jpg
about.html,img/home/about-15.jpg,img/home/ev-mehendi.jpg
about.html,img/home/about-16.jpg,img/home/ev-sangeet.jpg
about.html,img/home/about-17.jpg,img/home/ev-engagement.jpg
about.html,img/home/about-18.jpg,img/home/ev-reception.jpg
about.html,img/home/about-19.jpg,img/home/occ-muhurtham.jpg
about.html,img/home/about-20.jpg,img/home/ev-upanayana.jpg
about.html,img/home/about-21.jpg,img/home/ev-naamakarana.jpg
about.html,img/home/about-22.jpg,img/home/ev-sreemanta.jpg
about.html,img/home/about-23.jpg,img/home/ev-shashti.jpg
about.html,img/home/about-24.jpg,img/home/ev-birthday.jpg
about.html,img/home/about-25.jpg,img/home/ev-devara.jpg
about.html,img/home/about-26.jpg,img/home/ev-grihapravesha.jpg
about.html,img/home/about-27.jpg,img/home/cta-bg.jpg
about.html,img/home/about-28.jpg,img/home/story-poster.jpg
about.html,img/home/about-29.jpg,img/home/about-philosophy.jpg
blog-grand-entry.html,img/home/blog-grand-entry-01.jpg,img/home/gstill-37.jpg
blog-grand-entry.html,img/home/blog-grand-entry-02.jpg,img/home/gstill-01.jpg
blog-grand-entry.html,img/home/blog-grand-entry-03.jpg,img/home/gstill-33.jpg
blog-grand-entry.html,img/home/blog-grand-entry-04.jpg,img/home/svcp-decor.jpg
blog-grand-entry.html,img/home/blog-grand-entry-05.jpg,img/home/cta-bg.jpg
blog-haldi-guide.html,img/home/blog-haldi-guide-01.jpg,img/home/gstill-01.jpg
blog-haldi-guide.html,img/home/blog-haldi-guide-02.jpg,img/home/gstill-33.jpg
blog-haldi-guide.html,img/home/blog-haldi-guide-03.jpg,img/home/gstill-15.jpg
blog-haldi-guide.html,img/home/blog-haldi-guide-04.jpg,img/home/svcp-decor.jpg
blog-haldi-guide.html,img/home/blog-haldi-guide-05.jpg,img/home/cta-bg.jpg
blog-modern-traditional-decor.html,img/home/blog-modern-traditional-decor-01.jpg,img/home/gstill-15.jpg
blog-modern-traditional-decor.html,img/home/blog-modern-traditional-decor-02.jpg,img/home/gstill-18.jpg
blog-modern-traditional-decor.html,img/home/blog-modern-traditional-decor-03.jpg,img/home/gstill-42.jpg
blog-modern-traditional-decor.html,img/home/blog-modern-traditional-decor-04.jpg,img/home/svcp-decor.jpg
blog-modern-traditional-decor.html,img/home/blog-modern-traditional-decor-05.jpg,img/home/cta-bg.jpg
blog-pre-wedding-shoots.html,img/home/blog-pre-wedding-shoots-01.jpg,img/home/gstill-18.jpg
blog-pre-wedding-shoots.html,img/home/blog-pre-wedding-shoots-02.jpg,img/home/gstill-42.jpg
blog-pre-wedding-shoots.html,img/home/blog-pre-wedding-shoots-03.jpg,img/home/gstill-24.jpg
blog-pre-wedding-shoots.html,img/home/blog-pre-wedding-shoots-04.jpg,img/home/svcp-decor.jpg
blog-pre-wedding-shoots.html,img/home/blog-pre-wedding-shoots-05.jpg,img/home/cta-bg.jpg
blog-sangeet-planning.html,img/home/blog-sangeet-planning-01.jpg,img/home/gstill-03.jpg
blog-sangeet-planning.html,img/home/blog-sangeet-planning-02.jpg,img/home/gstill-37.jpg
blog-sangeet-planning.html,img/home/blog-sangeet-planning-03.jpg,img/home/gstill-01.jpg
blog-sangeet-planning.html,img/home/blog-sangeet-planning-04.jpg,img/home/svcp-decor.jpg
blog-sangeet-planning.html,img/home/blog-sangeet-planning-05.jpg,img/home/cta-bg.jpg
blog-venue-checklist.html,img/home/blog-venue-checklist-01.jpg,img/home/gstill-33.jpg
blog-venue-checklist.html,img/home/blog-venue-checklist-02.jpg,img/home/gstill-15.jpg
blog-venue-checklist.html,img/home/blog-venue-checklist-03.jpg,img/home/gstill-18.jpg
blog-venue-checklist.html,img/home/blog-venue-checklist-04.jpg,img/home/svcp-decor.jpg
blog-venue-checklist.html,img/home/blog-venue-checklist-05.jpg,img/home/cta-bg.jpg
blog-wedding-budget-breakdown.html,img/home/blog-wedding-budget-breakdown-01.jpg,img/home/gstill-24.jpg
blog-wedding-budget-breakdown.html,img/home/blog-wedding-budget-breakdown-02.jpg,img/home/gstill-03.jpg
blog-wedding-budget-breakdown.html,img/home/blog-wedding-budget-breakdown-03.jpg,img/home/gstill-37.jpg
blog-wedding-budget-breakdown.html,img/home/blog-wedding-budget-breakdown-04.jpg,img/home/svcp-decor.jpg
blog-wedding-budget-breakdown.html,img/home/blog-wedding-budget-breakdown-05.jpg,img/home/cta-bg.jpg
blog-wedding-rituals-guide.html,img/home/blog-wedding-rituals-guide-01.jpg,img/home/gstill-42.jpg
blog-wedding-rituals-guide.html,img/home/blog-wedding-rituals-guide-02.jpg,img/home/gstill-24.jpg
blog-wedding-rituals-guide.html,img/home/blog-wedding-rituals-guide-03.jpg,img/home/gstill-03.jpg
blog-wedding-rituals-guide.html,img/home/blog-wedding-rituals-guide-04.jpg,img/home/svcp-decor.jpg
blog-wedding-rituals-guide.html,img/home/blog-wedding-rituals-guide-05.jpg,img/home/cta-bg.jpg
blog.html,img/home/blog-01.jpg,img/home/gstill-01.jpg
blog.html,img/home/blog-02.jpg,img/home/gstill-02.jpg
blog.html,img/home/blog-03.jpg,img/home/gstill-33.jpg
blog.html,img/home/blog-04.jpg,img/home/gstill-15.jpg
blog.html,img/home/blog-05.jpg,img/home/gstill-18.jpg
blog.html,img/home/blog-06.jpg,img/home/gstill-42.jpg
blog.html,img/home/blog-07.jpg,img/home/gstill-24.jpg
blog.html,img/home/blog-08.jpg,img/home/gstill-03.jpg
blog.html,img/home/blog-09.jpg,img/home/gstill-37.jpg
blog.html,img/home/blog-10.jpg,img/home/services-hero.jpg
blog.html,img/home/blog-11.jpg,img/home/svcp-sangeet.jpg
blog.html,img/home/blog-12.jpg,img/home/gstill-40.jpg
blog.html,img/home/blog-13.jpg,img/home/svcp-decor.jpg
blog.html,img/home/blog-14.jpg,img/home/cta-bg.jpg
contact.html,img/home/contact-01.jpg,img/home/svcp-decor.jpg
event-birthday.html,img/home/event-birthday-01.jpg,img/home/ev-birthday.jpg
event-birthday.html,img/home/event-birthday-02.jpg,img/home/gstill-01.jpg
event-birthday.html,img/home/event-birthday-03.jpg,img/home/eb-milestone.jpg
event-birthday.html,img/home/event-birthday-04.jpg,img/home/gstill-42.jpg
event-birthday.html,img/home/event-birthday-05.jpg,img/home/gstill-30.jpg
event-birthday.html,img/home/event-birthday-06.jpg,img/home/gstill-07.jpg
event-birthday.html,img/home/event-birthday-07.jpg,img/home/gstill-33.jpg
event-birthday.html,img/home/event-birthday-08.jpg,img/home/gstill-03.jpg
event-birthday.html,img/home/event-birthday-09.jpg,img/home/gstill-15.jpg
event-birthday.html,img/home/event-birthday-10.jpg,img/home/gstill-11.jpg
event-birthday.html,img/home/event-birthday-11.jpg,img/home/gstill-40.jpg
event-birthday.html,img/home/event-birthday-12.jpg,img/home/gstill-24.jpg
event-birthday.html,img/home/event-birthday-13.jpg,img/home/svcp-decor.jpg
event-birthday.html,img/home/event-birthday-14.jpg,img/home/svcp-photography.jpg
event-birthday.html,img/home/event-birthday-15.jpg,img/home/svcp-catering.jpg
event-birthday.html,img/home/event-birthday-16.jpg,img/home/svcp-rituals.jpg
event-birthday.html,img/home/event-birthday-17.jpg,img/home/svcp-makeup.jpg
event-birthday.html,img/home/event-birthday-18.jpg,img/home/svcp-sangeet.jpg
event-birthday.html,img/home/event-birthday-19.jpg,img/home/svcp-coordination.jpg
event-birthday.html,img/home/event-birthday-20.jpg,img/home/svcp-invitations.jpg
event-birthday.html,img/home/event-birthday-21.jpg,img/home/gstill-04.jpg
event-birthday.html,img/home/event-birthday-22.jpg,img/home/gallery-hero.jpg
event-birthday.html,img/home/event-birthday-23.jpg,img/home/gstill-05.jpg
event-birthday.html,img/home/event-birthday-24.jpg,img/home/evf-weddings.jpg
event-birthday.html,img/home/event-birthday-25.jpg,img/home/evf-naamakarana.jpg
event-birthday.html,img/home/event-birthday-26.jpg,img/home/gstill-06.jpg
event-birthday.html,img/home/event-birthday-27.jpg,img/home/evf-birthday.jpg
event-birthday.html,img/home/event-birthday-28.jpg,img/home/cta-bg.jpg
event-traditional.html,img/home/event-traditional-01.jpg,img/home/gstill-19.jpg
event-traditional.html,img/home/event-traditional-02.jpg,img/home/gstill-27.jpg
event-traditional.html,img/home/event-traditional-03.jpg,img/home/evf-upanayana.jpg
event-traditional.html,img/home/event-traditional-04.jpg,img/home/ev-sreemanta.jpg
event-traditional.html,img/home/event-traditional-05.jpg,img/home/evf-shashti.jpg
event-traditional.html,img/home/event-traditional-06.jpg,img/home/ev-grihapravesha.jpg
event-traditional.html,img/home/event-traditional-07.jpg,img/home/gstill-07.jpg
event-traditional.html,img/home/event-traditional-08.jpg,img/home/gstill-33.jpg
event-traditional.html,img/home/event-traditional-09.jpg,img/home/gstill-03.jpg
event-traditional.html,img/home/event-traditional-10.jpg,img/home/gstill-15.jpg
event-traditional.html,img/home/event-traditional-11.jpg,img/home/gstill-11.jpg
event-traditional.html,img/home/event-traditional-12.jpg,img/home/gstill-40.jpg
event-traditional.html,img/home/event-traditional-13.jpg,img/home/gstill-24.jpg
event-traditional.html,img/home/event-traditional-14.jpg,img/home/svcp-decor.jpg
event-traditional.html,img/home/event-traditional-15.jpg,img/home/svcp-photography.jpg
event-traditional.html,img/home/event-traditional-16.jpg,img/home/svcp-catering.jpg
event-traditional.html,img/home/event-traditional-17.jpg,img/home/svcp-rituals.jpg
event-traditional.html,img/home/event-traditional-18.jpg,img/home/svcp-makeup.jpg
event-traditional.html,img/home/event-traditional-19.jpg,img/home/svcp-sangeet.jpg
event-traditional.html,img/home/event-traditional-20.jpg,img/home/svcp-coordination.jpg
event-traditional.html,img/home/event-traditional-21.jpg,img/home/svcp-invitations.jpg
event-traditional.html,img/home/event-traditional-22.jpg,img/home/gstill-01.jpg
event-traditional.html,img/home/event-traditional-23.jpg,img/home/gallery-hero.jpg
event-traditional.html,img/home/event-traditional-24.jpg,img/home/gstill-02.jpg
event-traditional.html,img/home/event-traditional-25.jpg,img/home/evf-weddings.jpg
event-traditional.html,img/home/event-traditional-26.jpg,img/home/evf-birthday.jpg
event-traditional.html,img/home/event-traditional-27.jpg,img/home/gstill-04.jpg
event-traditional.html,img/home/event-traditional-28.jpg,img/home/evf-naamakarana.jpg
event-traditional.html,img/home/event-traditional-29.jpg,img/home/cta-bg.jpg
event-weddings.html,img/home/event-weddings-01.jpg,img/home/gstill-01.jpg
event-weddings.html,img/home/event-weddings-02.jpg,img/home/gstill-15.jpg
event-weddings.html,img/home/event-weddings-03.jpg,img/home/gstill-10.jpg
event-weddings.html,img/home/event-weddings-04.jpg,img/home/ew-devarasamaradhane.jpg
event-weddings.html,img/home/event-weddings-05.jpg,img/home/gstill-37.jpg
event-weddings.html,img/home/event-weddings-06.jpg,img/home/ew-mehendi.jpg
event-weddings.html,img/home/event-weddings-07.jpg,img/home/evf-sangeet.jpg
event-weddings.html,img/home/event-weddings-08.jpg,img/home/ew-muhurtham.jpg
event-weddings.html,img/home/event-weddings-09.jpg,img/home/evf-reception.jpg
event-weddings.html,img/home/event-weddings-10.jpg,img/home/gstill-38.jpg
event-weddings.html,img/home/event-weddings-11.jpg,img/home/gstill-07.jpg
event-weddings.html,img/home/event-weddings-12.jpg,img/home/gstill-02.jpg
event-weddings.html,img/home/event-weddings-13.jpg,img/home/gstill-03.jpg
event-weddings.html,img/home/event-weddings-14.jpg,img/home/gstill-04.jpg
event-weddings.html,img/home/event-weddings-15.jpg,img/home/gstill-11.jpg
event-weddings.html,img/home/event-weddings-16.jpg,img/home/gstill-40.jpg
event-weddings.html,img/home/event-weddings-17.jpg,img/home/gstill-24.jpg
event-weddings.html,img/home/event-weddings-18.jpg,img/home/svcp-decor.jpg
event-weddings.html,img/home/event-weddings-19.jpg,img/home/svcp-photography.jpg
event-weddings.html,img/home/event-weddings-20.jpg,img/home/svcp-catering.jpg
event-weddings.html,img/home/event-weddings-21.jpg,img/home/svcp-rituals.jpg
event-weddings.html,img/home/event-weddings-22.jpg,img/home/svcp-makeup.jpg
event-weddings.html,img/home/event-weddings-23.jpg,img/home/svcp-sangeet.jpg
event-weddings.html,img/home/event-weddings-24.jpg,img/home/svcp-coordination.jpg
event-weddings.html,img/home/event-weddings-25.jpg,img/home/svcp-invitations.jpg
event-weddings.html,img/home/event-weddings-26.jpg,img/home/gstill-05.jpg
event-weddings.html,img/home/event-weddings-27.jpg,img/home/gallery-hero.jpg
event-weddings.html,img/home/event-weddings-28.jpg,img/home/gstill-08.jpg
event-weddings.html,img/home/event-weddings-29.jpg,img/home/evf-naamakarana.jpg
event-weddings.html,img/home/event-weddings-30.jpg,img/home/evf-birthday.jpg
event-weddings.html,img/home/event-weddings-31.jpg,img/home/gstill-09.jpg
event-weddings.html,img/home/event-weddings-32.jpg,img/home/evf-weddings.jpg
event-weddings.html,img/home/event-weddings-33.jpg,img/home/cta-bg.jpg
events.html,img/home/events-01.jpg,img/home/evp-onecel-big.jpg
events.html,img/home/events-02.jpg,img/home/evp-onecel-small.jpg
events.html,img/home/events-03.jpg,img/home/evf-weddings.jpg
events.html,img/home/events-04.jpg,img/home/evf-naamakarana.jpg
events.html,img/home/events-05.jpg,img/home/evf-birthday.jpg
events.html,img/home/events-06.jpg,img/home/gallery-hero.jpg
events.html,img/home/events-07.jpg,img/home/svcp-sangeet.jpg
events.html,img/home/events-08.jpg,img/home/services-hero.jpg
events.html,img/home/events-09.jpg,img/home/events-hero.jpg
events.html,img/home/events-10.jpg,img/home/cta-bg.jpg
founder-namratha.html,img/home/founder-namratha-01.jpg,img/namratha-card.jpg
founder-namratha.html,img/home/founder-namratha-02.jpg,img/founder-sourabh.jpg
founder-namratha.html,img/home/founder-namratha-03.jpg,img/home/events-hero.jpg
founder-namratha.html,img/home/founder-namratha-04.jpg,img/home/svcp-sangeet.jpg
founder-namratha.html,img/home/founder-namratha-05.jpg,img/namratha-card.jpg
founder-namratha.html,img/home/founder-namratha-06.jpg,img/home/cta-bg.jpg
founder-sourabh.html,img/home/founder-sourabh-01.jpg,img/founder-sourabh.jpg
founder-sourabh.html,img/home/founder-sourabh-02.jpg,img/founder-namratha.jpg
founder-sourabh.html,img/home/founder-sourabh-03.jpg,img/home/events-hero.jpg
founder-sourabh.html,img/home/founder-sourabh-04.jpg,img/home/svcp-sangeet.jpg
founder-sourabh.html,img/home/founder-sourabh-05.jpg,img/founder-sourabh.jpg
founder-sourabh.html,img/home/founder-sourabh-06.jpg,img/home/cta-bg.jpg
gallery.php,img/home/gallery-01.jpg,img/home/gallery-hero.jpg
gallery.php,img/home/gallery-02.jpg,img/home/svcp-sangeet.jpg
gallery.php,img/home/gallery-03.jpg,img/home/events-hero.jpg
gallery.php,img/home/gallery-04.jpg,img/home/about-hero.jpg
gallery.php,img/home/gallery-05.jpg,img/home/cta-bg.jpg
index.html,img/home/index-01.jpg,img/home/who-1.jpg
index.html,img/home/index-02.jpg,img/home/who-2.jpg
index.html,img/home/index-03.jpg,img/home/who-3.jpg
index.html,img/home/index-04.jpg,img/home/ev-engagement.jpg
index.html,img/home/index-05.jpg,img/home/ev-haldi.jpg
index.html,img/home/index-06.jpg,img/home/ev-mehendi.jpg
index.html,img/home/index-07.jpg,img/home/ev-sangeet.jpg
index.html,img/home/index-08.jpg,img/home/ev-wedding.jpg
index.html,img/home/index-09.jpg,img/home/ev-reception.jpg
index.html,img/home/index-10.jpg,img/home/ev-sreemanta.jpg
index.html,img/home/index-11.jpg,img/home/ev-naamakarana.jpg
index.html,img/home/index-12.jpg,img/home/ev-upanayana.jpg
index.html,img/home/index-13.jpg,img/home/ev-shashti.jpg
index.html,img/home/index-14.jpg,img/home/ev-grihapravesha.jpg
index.html,img/home/index-15.jpg,img/home/ev-devara.jpg
index.html,img/home/index-16.jpg,img/home/ev-birthday.jpg
index.html,img/home/index-17.jpg,img/home/gstill-33.jpg
index.html,img/home/index-18.jpg,img/home/gstill-03.jpg
index.html,img/home/index-19.jpg,img/home/gstill-15.jpg
index.html,img/home/index-20.jpg,img/home/evf-sangeet.jpg
index.html,img/home/index-21.jpg,img/home/gstill-42.jpg
index.html,img/home/index-22.jpg,img/home/gstill-01.jpg
index.html,img/home/index-23.jpg,img/home/gstill-02.jpg
index.html,img/home/index-24.jpg,img/home/gstill-04.jpg
index.html,img/home/index-25.jpg,img/hero-poster.jpg
index.html,img/home/index-26.jpg,img/home/cta-bg.jpg
index.html,img/home/index-27.jpg,img/hero-poster.jpg
project-1.html,img/home/project-1-01.jpg,img/home/nc-couple.jpg
project-1.html,img/home/project-1-02.jpg,img/home/nc-stage.jpg
project-1.html,img/home/project-1-03.jpg,img/home/nc-mandap.jpg
project-1.html,img/home/project-1-04.jpg,img/home/nc-sangeet.jpg
project-1.html,img/home/project-1-05.jpg,img/home/nc-stage.jpg
project-1.html,img/home/project-1-06.jpg,img/home/nc-mandap.jpg
project-1.html,img/home/project-1-07.jpg,img/home/nc-sangeet.jpg
project-1.html,img/home/project-1-08.jpg,img/home/nc-procession.jpg
project-1.html,img/home/project-1-09.jpg,img/home/nc-gate.jpg
project-1.html,img/home/project-1-10.jpg,img/home/nc-couple.jpg
project-1.html,img/home/project-1-11.jpg,img/home/nc-welcome.jpg
project-1.html,img/home/project-1-12.jpg,img/home/nc-stage.jpg
project-1.html,img/home/project-1-13.jpg,img/home/nc-mandap.jpg
project-1.html,img/home/project-1-14.jpg,img/home/nc-procession.jpg
project-1.html,img/home/project-1-15.jpg,img/home/nc-sangeet.jpg
project-1.html,img/home/project-1-16.jpg,img/home/nc-decor.jpg
project-1.html,img/home/project-1-17.jpg,img/home/nc-welcome.jpg
project-1.html,img/home/project-1-18.jpg,img/home/nc-gate.jpg
project-1.html,img/home/project-1-19.jpg,img/home/nc-stage.jpg
project-1.html,img/home/project-1-20.jpg,img/home/nc-mandap.jpg
project-1.html,img/home/project-1-21.jpg,img/home/nc-sangeet.jpg
project-1.html,img/home/project-1-22.jpg,img/home/nc-gate.jpg
project-2.html,img/home/project-2-01.jpg,img/home/ds-welcome.jpg
project-2.html,img/home/project-2-02.jpg,img/home/ds-reception.jpg
project-2.html,img/home/project-2-03.jpg,img/home/ds-lantern.jpg
project-2.html,img/home/project-2-04.jpg,img/home/ds-rangoli.jpg
project-2.html,img/home/project-2-05.jpg,img/home/ds-reception.jpg
project-2.html,img/home/project-2-06.jpg,img/home/ds-stage.jpg
project-2.html,img/home/project-2-07.jpg,img/home/ds-pathway.jpg
project-2.html,img/home/project-2-08.jpg,img/home/ds-hall2.jpg
project-2.html,img/home/project-2-09.jpg,img/home/ds-exterior.jpg
project-2.html,img/home/project-2-10.jpg,img/home/ds-reception.jpg
project-2.html,img/home/project-2-11.jpg,img/home/ds-drape.jpg
project-2.html,img/home/project-2-12.jpg,img/home/ds-stage.jpg
project-2.html,img/home/project-2-13.jpg,img/home/ds-entrance.jpg
project-2.html,img/home/project-2-14.jpg,img/home/ds-lantern.jpg
project-2.html,img/home/project-2-15.jpg,img/home/ds-hall2.jpg
project-2.html,img/home/project-2-16.jpg,img/home/ds-decor.jpg
project-2.html,img/home/project-2-17.jpg,img/home/ds-rangoli.jpg
project-2.html,img/home/project-2-18.jpg,img/home/ds-hall.jpg
project-2.html,img/home/project-2-19.jpg,img/home/ds-drape.jpg
project-2.html,img/home/project-2-20.jpg,img/home/ds-venue.jpg
project-2.html,img/home/project-2-21.jpg,img/home/ds-pathway.jpg
project-2.html,img/home/project-2-22.jpg,img/home/ds-hall.jpg
project-3.html,img/home/project-3-01.jpg,img/home/vinuthan-couple.jpg
project-3.html,img/home/project-3-02.jpg,img/home/vinuthan-mandap.jpg
project-3.html,img/home/project-3-03.jpg,img/home/vinuthan-aerial.jpg
project-3.html,img/home/project-3-04.jpg,img/home/vinuthan-details.jpg
project-3.html,img/home/project-3-05.jpg,img/home/vinuthan-mandap.jpg
project-3.html,img/home/project-3-06.jpg,img/home/vinuthan-aerial.jpg
project-3.html,img/home/project-3-07.jpg,img/home/vinuthan-details.jpg
project-3.html,img/home/project-3-08.jpg,img/home/vinuthan-family.jpg
project-3.html,img/home/project-3-09.jpg,img/home/vinuthan-stage.jpg
project-3.html,img/home/project-3-10.jpg,img/home/vinuthan-family.jpg
project-3.html,img/home/project-3-11.jpg,img/home/vinuthan-firstdance.jpg
project-3.html,img/home/project-3-12.jpg,img/home/vinuthan-decor.jpg
project-3.html,img/home/project-3-13.jpg,img/home/vinuthan-details.jpg
project-3.html,img/home/project-3-14.jpg,img/home/vinuthan-couple.jpg
project-3.html,img/home/project-3-15.jpg,img/home/vinuthan-mandap.jpg
project-3.html,img/home/project-3-16.jpg,img/home/vinuthan-decor.jpg
project-3.html,img/home/project-3-17.jpg,img/home/vinuthan-firstdance.jpg
project-3.html,img/home/project-3-18.jpg,img/home/vinuthan-stage.jpg
project-3.html,img/home/project-3-19.jpg,img/home/vinuthan-mandap.jpg
project-3.html,img/home/project-3-20.jpg,img/home/vinuthan-aerial.jpg
project-3.html,img/home/project-3-21.jpg,img/home/vinuthan-details.jpg
project-3.html,img/home/project-3-22.jpg,img/home/vinuthan-stage.jpg
project-4.html,img/home/project-4-01.jpg,img/home/sharanya-event-brief.jpg
project-4.html,img/home/project-4-02.jpg,img/home/sharanya-signature-1.jpg
project-4.html,img/home/project-4-03.jpg,img/home/sharanya-signature-2.jpg
project-4.html,img/home/project-4-04.jpg,img/home/sharanya-engagement.jpg
project-4.html,img/home/project-4-05.jpg,img/home/sharanya-signature-1.jpg
project-4.html,img/home/project-4-06.jpg,img/home/sharanya-signature-2.jpg
project-4.html,img/home/project-4-07.jpg,img/home/sharanya-engagement.jpg
project-4.html,img/home/project-4-08.jpg,img/home/sharanya-groom.jpg
project-4.html,img/home/project-4-09.jpg,img/home/sharanya-sangeet.jpg
project-4.html,img/home/project-4-10.jpg,img/home/sharanya-signature-2.jpg
project-4.html,img/home/project-4-11.jpg,img/home/sharanya-signature-1.jpg
project-4.html,img/home/project-4-12.jpg,img/home/sharanya-groom.jpg
project-4.html,img/home/project-4-13.jpg,img/home/sharanya-anchoring.jpg
project-4.html,img/home/project-4-14.jpg,img/home/sharanya-signature-3.jpg
project-4.html,img/home/project-4-15.jpg,img/home/sharanya-engagement.jpg
project-4.html,img/home/project-4-16.jpg,img/home/sharanya-sangeet.jpg
project-4.html,img/home/project-4-17.jpg,img/home/sharanya-signature-2.jpg
project-4.html,img/home/project-4-18.jpg,img/home/sharanya-banner.jpg
project-4.html,img/home/project-4-19.jpg,img/home/sharanya-signature-3.jpg
project-4.html,img/home/project-4-20.jpg,img/home/sharanya-anchoring.jpg
project-4.html,img/home/project-4-21.jpg,img/home/sharanya-sangeet.jpg
project-4.html,img/home/project-4-22.jpg,img/home/sharanya-banner.jpg
project-kaira.html,img/home/project-kaira-01.jpg,img/home/kaira-mandap.jpg
project-kaira.html,img/home/project-kaira-02.jpg,img/home/kaira-engagement.jpg
project-kaira.html,img/home/project-kaira-03.jpg,img/home/kaira-sparkler.jpg
project-kaira.html,img/home/project-kaira-04.jpg,img/home/kaira-guns.jpg
project-kaira.html,img/home/project-kaira-05.jpg,img/home/kaira-engagement.jpg
project-kaira.html,img/home/project-kaira-06.jpg,img/home/kaira-kavivani.jpg
project-kaira.html,img/home/project-kaira-07.jpg,img/home/kaira-candid.jpg
project-kaira.html,img/home/project-kaira-08.jpg,img/home/kaira-gauri.jpg
project-kaira.html,img/home/project-kaira-09.jpg,img/home/kaira-sparkler.jpg
project-kaira.html,img/home/project-kaira-10.jpg,img/home/kaira-guns.jpg
project-kaira.html,img/home/project-kaira-11.jpg,img/home/kaira-engagement.jpg
project-kaira.html,img/home/project-kaira-12.jpg,img/home/kaira-kavivani.jpg
project-kaira.html,img/home/project-kaira-13.jpg,img/home/kaira-candid.jpg
project-kaira.html,img/home/project-kaira-14.jpg,img/home/kaira-gauri.jpg
project-kaira.html,img/home/project-kaira-15.jpg,img/home/kaira-engagement.jpg
project-kaira.html,img/home/project-kaira-16.jpg,img/home/kaira-sparkler.jpg
project-kaira.html,img/home/project-kaira-17.jpg,img/home/kaira-reception.jpg
project-kaira.html,img/home/project-kaira-18.jpg,img/home/kaira-gauri.jpg
project-kaira.html,img/home/project-kaira-19.jpg,img/home/kaira-recstage.jpg
project-kaira.html,img/home/project-kaira-20.jpg,img/home/kaira-guns.jpg
project-kaira.html,img/home/project-kaira-21.jpg,img/home/kaira-candid.jpg
project-kaira.html,img/home/project-kaira-22.jpg,img/home/kaira-gate.jpg
project-kaira.html,img/home/project-kaira-23.jpg,img/home/kaira-stage.jpg
project-kaira.html,img/home/project-kaira-24.jpg,img/home/kaira-mandap.jpg
project-kaira.html,img/home/project-kaira-25.jpg,img/home/kaira-gate.jpg
project-kaira.html,img/home/project-kaira-26.jpg,img/home/kaira-stage.jpg
project-kaira.html,img/home/project-kaira-27.jpg,img/home/kaira-arch.jpg
project-kaira.html,img/home/project-kaira-28.jpg,img/home/kaira-reception.jpg
project-kaira.html,img/home/project-kaira-29.jpg,img/home/kaira-recstage.jpg
project-kaira.html,img/home/project-kaira-30.jpg,img/home/kaira-door.jpg
project-kaira.html,img/home/project-kaira-31.jpg,img/home/cta-bg.jpg
projects.html,img/home/projects-01.jpg,img/home/kaira-engagement.jpg
projects.html,img/home/projects-02.jpg,img/home/nc-gate.jpg
projects.html,img/home/projects-03.jpg,img/home/ds-reception.jpg
projects.html,img/home/projects-04.jpg,img/home/vinuthan-stage.jpg
projects.html,img/home/projects-05.jpg,img/home/sharanya-engagement.jpg
projects.html,img/home/projects-06.jpg,img/home/services-hero.jpg
projects.html,img/home/projects-07.jpg,img/home/gallery-hero.jpg
projects.html,img/home/projects-08.jpg,img/home/svcp-catering.jpg
projects.html,img/home/projects-09.jpg,img/home/svcp-decor.jpg
projects.html,img/home/projects-10.jpg,img/home/cta-bg.jpg
service-anchoring-mc.html,img/home/service-anchoring-mc-01.jpg,img/home/svcp-sangeet.jpg
service-anchoring-mc.html,img/home/service-anchoring-mc-02.jpg,img/home/svcp-sangeet.jpg
service-anchoring-mc.html,img/home/service-anchoring-mc-03.jpg,img/home/svcp-choreography-v2.jpg
service-anchoring-mc.html,img/home/service-anchoring-mc-04.jpg,img/home/svcp-coordination.jpg
service-anchoring-mc.html,img/home/service-anchoring-mc-05.jpg,img/home/svcp-lighting-v2.jpg
service-anchoring-mc.html,img/home/service-anchoring-mc-06.jpg,img/home/svcp-photography.jpg
service-anchoring-mc.html,img/home/service-anchoring-mc-07.jpg,img/home/svcp-catering.jpg
service-anchoring-mc.html,img/home/service-anchoring-mc-08.jpg,img/home/svcp-choreography-v2.jpg
service-anchoring-mc.html,img/home/service-anchoring-mc-09.jpg,img/home/svcp-lighting-v2.jpg
service-anchoring-mc.html,img/home/service-anchoring-mc-10.jpg,img/home/svcp-catering.jpg
service-anchoring-mc.html,img/home/service-anchoring-mc-11.jpg,img/home/svcp-catering.jpg
service-anchoring-mc.html,img/home/service-anchoring-mc-12.jpg,img/home/svcp-photography.jpg
service-anchoring-mc.html,img/home/service-anchoring-mc-13.jpg,img/home/svcp-lighting-v2.jpg
service-anchoring-mc.html,img/home/service-anchoring-mc-14.jpg,img/home/svcp-coordination.jpg
service-anchoring-mc.html,img/home/service-anchoring-mc-15.jpg,img/home/svcp-choreography-v2.jpg
service-anchoring-mc.html,img/home/service-anchoring-mc-16.jpg,img/home/svcp-sangeet.jpg
service-anchoring-mc.html,img/home/service-anchoring-mc-17.jpg,img/home/svcp-choreography-v2.jpg
service-anchoring-mc.html,img/home/service-anchoring-mc-18.jpg,img/home/svcp-sangeet.jpg
service-anchoring-mc.html,img/home/service-anchoring-mc-19.jpg,img/home/svcp-choreography-v2.jpg
service-anchoring-mc.html,img/home/service-anchoring-mc-20.jpg,img/home/svcp-coordination.jpg
service-anchoring-mc.html,img/home/service-anchoring-mc-21.jpg,img/home/svcp-anchoring-v2.jpg
service-anchoring-mc.html,img/home/service-anchoring-mc-22.jpg,img/home/svcp-coordination.jpg
service-anchoring-mc.html,img/home/service-anchoring-mc-23.jpg,img/home/svcp-anchoring-v2.jpg
service-cake.html,img/home/service-cake-01.jpg,img/home/svcp-catering.jpg
service-cake.html,img/home/service-cake-02.jpg,img/home/svcp-decor.jpg
service-cake.html,img/home/service-cake-03.jpg,img/home/svcp-photography.jpg
service-cake.html,img/home/service-cake-04.jpg,img/home/svcp-kidscorner.jpg
service-cake.html,img/home/service-cake-05.jpg,img/home/svcp-catering.jpg
service-cake.html,img/home/service-cake-06.jpg,img/home/svcp-decor.jpg
service-cake.html,img/home/service-cake-07.jpg,img/home/svcp-invitations.jpg
service-cake.html,img/home/service-cake-08.jpg,img/home/svcp-photography.jpg
service-cake.html,img/home/service-cake-09.jpg,img/home/svcp-sangeet.jpg
service-cake.html,img/home/service-cake-10.jpg,img/home/svcp-kidscorner.jpg
service-cake.html,img/home/service-cake-11.jpg,img/home/svcp-kidscorner.jpg
service-cake.html,img/home/service-cake-12.jpg,img/home/svcp-sangeet.jpg
service-cake.html,img/home/service-cake-13.jpg,img/home/svcp-photography.jpg
service-cake.html,img/home/service-cake-14.jpg,img/home/svcp-invitations.jpg
service-cake.html,img/home/service-cake-15.jpg,img/home/svcp-decor.jpg
service-cake.html,img/home/service-cake-16.jpg,img/home/svcp-catering.jpg
service-cake.html,img/home/service-cake-17.jpg,img/home/svcp-decor.jpg
service-cake.html,img/home/service-cake-18.jpg,img/home/svcp-catering.jpg
service-cake.html,img/home/service-cake-19.jpg,img/home/svcp-decor.jpg
service-cake.html,img/home/service-cake-20.jpg,img/home/svcp-invitations.jpg
service-cake.html,img/home/service-cake-21.jpg,img/home/svcp-cake-v2.jpg
service-cake.html,img/home/service-cake-22.jpg,img/home/svcp-invitations.jpg
service-cake.html,img/home/service-cake-23.jpg,img/home/svcp-cake-v2.jpg
service-catering.html,img/home/service-catering-01.jpg,img/home/svcp-cake-v2.jpg
service-catering.html,img/home/service-catering-02.jpg,img/home/svcp-cake-v2.jpg
service-catering.html,img/home/service-catering-03.jpg,img/home/svcp-decor.jpg
service-catering.html,img/home/service-catering-04.jpg,img/home/svcp-sangeet.jpg
service-catering.html,img/home/service-catering-05.jpg,img/home/svcp-photography.jpg
service-catering.html,img/home/service-catering-06.jpg,img/home/svcp-coordination.jpg
service-catering.html,img/home/service-catering-07.jpg,img/home/svcp-stay.jpg
service-catering.html,img/home/service-catering-08.jpg,img/home/svcp-decor.jpg
service-catering.html,img/home/service-catering-09.jpg,img/home/svcp-photography.jpg
service-catering.html,img/home/service-catering-10.jpg,img/home/svcp-stay.jpg
service-catering.html,img/home/service-catering-11.jpg,img/home/svcp-stay.jpg
service-catering.html,img/home/service-catering-12.jpg,img/home/svcp-coordination.jpg
service-catering.html,img/home/service-catering-13.jpg,img/home/svcp-photography.jpg
service-catering.html,img/home/service-catering-14.jpg,img/home/svcp-sangeet.jpg
service-catering.html,img/home/service-catering-15.jpg,img/home/svcp-decor.jpg
service-catering.html,img/home/service-catering-16.jpg,img/home/svcp-cake-v2.jpg
service-catering.html,img/home/service-catering-17.jpg,img/home/svcp-decor.jpg
service-catering.html,img/home/service-catering-18.jpg,img/home/svcp-cake-v2.jpg
service-catering.html,img/home/service-catering-19.jpg,img/home/svcp-stay.jpg
service-catering.html,img/home/service-catering-20.jpg,img/home/svcp-transport.jpg
service-catering.html,img/home/service-catering-21.jpg,img/home/svcp-catering.jpg
service-catering.html,img/home/service-catering-22.jpg,img/home/svcp-sangeet.jpg
service-catering.html,img/home/service-catering-23.jpg,img/home/svcp-catering.jpg
service-choreography.html,img/home/service-choreography-01.jpg,img/home/svcp-sangeet.jpg
service-choreography.html,img/home/service-choreography-02.jpg,img/home/svcp-sangeet.jpg
service-choreography.html,img/home/service-choreography-03.jpg,img/home/svcp-anchoring-v2.jpg
service-choreography.html,img/home/service-choreography-04.jpg,img/home/svcp-lighting-v2.jpg
service-choreography.html,img/home/service-choreography-05.jpg,img/home/svcp-photography.jpg
service-choreography.html,img/home/service-choreography-06.jpg,img/home/svcp-decor.jpg
service-choreography.html,img/home/service-choreography-07.jpg,img/home/svcp-makeup.jpg
service-choreography.html,img/home/service-choreography-08.jpg,img/home/svcp-anchoring-v2.jpg
service-choreography.html,img/home/service-choreography-09.jpg,img/home/svcp-photography.jpg
service-choreography.html,img/home/service-choreography-10.jpg,img/home/svcp-makeup.jpg
service-choreography.html,img/home/service-choreography-11.jpg,img/home/svcp-makeup.jpg
service-choreography.html,img/home/service-choreography-12.jpg,img/home/svcp-decor.jpg
service-choreography.html,img/home/service-choreography-13.jpg,img/home/svcp-photography.jpg
service-choreography.html,img/home/service-choreography-14.jpg,img/home/svcp-lighting-v2.jpg
service-choreography.html,img/home/service-choreography-15.jpg,img/home/svcp-anchoring-v2.jpg
service-choreography.html,img/home/service-choreography-16.jpg,img/home/svcp-sangeet.jpg
service-choreography.html,img/home/service-choreography-17.jpg,img/home/svcp-anchoring-v2.jpg
service-choreography.html,img/home/service-choreography-18.jpg,img/home/svcp-sangeet.jpg
service-choreography.html,img/home/service-choreography-19.jpg,img/home/svcp-anchoring-v2.jpg
service-choreography.html,img/home/service-choreography-20.jpg,img/home/svcp-lighting-v2.jpg
service-choreography.html,img/home/service-choreography-21.jpg,img/home/svcp-choreography-v2.jpg
service-choreography.html,img/home/service-choreography-22.jpg,img/home/svcp-lighting-v2.jpg
service-choreography.html,img/home/service-choreography-23.jpg,img/home/svcp-choreography-v2.jpg
service-coordination.html,img/home/service-coordination-01.jpg,img/home/svcp-stay.jpg
service-coordination.html,img/home/service-coordination-02.jpg,img/home/svcp-transport.jpg
service-coordination.html,img/home/service-coordination-03.jpg,img/home/svcp-decor.jpg
service-coordination.html,img/home/service-coordination-04.jpg,img/home/svcp-anchoring-v2.jpg
service-coordination.html,img/home/service-coordination-05.jpg,img/home/svcp-stay.jpg
service-coordination.html,img/home/service-coordination-06.jpg,img/home/svcp-transport.jpg
service-coordination.html,img/home/service-coordination-07.jpg,img/home/svcp-catering.jpg
service-coordination.html,img/home/service-coordination-08.jpg,img/home/svcp-decor.jpg
service-coordination.html,img/home/service-coordination-09.jpg,img/home/svcp-photography.jpg
service-coordination.html,img/home/service-coordination-10.jpg,img/home/svcp-anchoring-v2.jpg
service-coordination.html,img/home/service-coordination-11.jpg,img/home/svcp-anchoring-v2.jpg
service-coordination.html,img/home/service-coordination-12.jpg,img/home/svcp-photography.jpg
service-coordination.html,img/home/service-coordination-13.jpg,img/home/svcp-decor.jpg
service-coordination.html,img/home/service-coordination-14.jpg,img/home/svcp-catering.jpg
service-coordination.html,img/home/service-coordination-15.jpg,img/home/svcp-transport.jpg
service-coordination.html,img/home/service-coordination-16.jpg,img/home/svcp-stay.jpg
service-coordination.html,img/home/service-coordination-17.jpg,img/home/svcp-transport.jpg
service-coordination.html,img/home/service-coordination-18.jpg,img/home/svcp-stay.jpg
service-coordination.html,img/home/service-coordination-19.jpg,img/home/svcp-transport.jpg
service-coordination.html,img/home/service-coordination-20.jpg,img/home/svcp-catering.jpg
service-coordination.html,img/home/service-coordination-21.jpg,img/home/svcp-coordination.jpg
service-coordination.html,img/home/service-coordination-22.jpg,img/home/svcp-catering.jpg
service-coordination.html,img/home/service-coordination-23.jpg,img/home/svcp-coordination.jpg
service-decor-design.html,img/home/service-decor-design-01.jpg,img/home/svcp-floral-v2.jpg
service-decor-design.html,img/home/service-decor-design-02.jpg,img/home/svcp-floral-v2.jpg
service-decor-design.html,img/home/service-decor-design-03.jpg,img/home/svcp-lighting-v2.jpg
service-decor-design.html,img/home/service-decor-design-04.jpg,img/home/svcp-invitations.jpg
service-decor-design.html,img/home/service-decor-design-05.jpg,img/home/svcp-sangeet.jpg
service-decor-design.html,img/home/service-decor-design-06.jpg,img/home/svcp-photography.jpg
service-decor-design.html,img/home/service-decor-design-07.jpg,img/home/svcp-catering.jpg
service-decor-design.html,img/home/service-decor-design-08.jpg,img/home/svcp-lighting-v2.jpg
service-decor-design.html,img/home/service-decor-design-09.jpg,img/home/svcp-sangeet.jpg
service-decor-design.html,img/home/service-decor-design-10.jpg,img/home/svcp-catering.jpg
service-decor-design.html,img/home/service-decor-design-11.jpg,img/home/svcp-catering.jpg
service-decor-design.html,img/home/service-decor-design-12.jpg,img/home/svcp-photography.jpg
service-decor-design.html,img/home/service-decor-design-13.jpg,img/home/svcp-sangeet.jpg
service-decor-design.html,img/home/service-decor-design-14.jpg,img/home/svcp-invitations.jpg
service-decor-design.html,img/home/service-decor-design-15.jpg,img/home/svcp-lighting-v2.jpg
service-decor-design.html,img/home/service-decor-design-16.jpg,img/home/svcp-floral-v2.jpg
service-decor-design.html,img/home/service-decor-design-17.jpg,img/home/svcp-lighting-v2.jpg
service-decor-design.html,img/home/service-decor-design-18.jpg,img/home/svcp-floral-v2.jpg
service-decor-design.html,img/home/service-decor-design-19.jpg,img/home/svcp-lighting-v2.jpg
service-decor-design.html,img/home/service-decor-design-20.jpg,img/home/svcp-invitations.jpg
service-decor-design.html,img/home/service-decor-design-21.jpg,img/home/svcp-decor.jpg
service-decor-design.html,img/home/service-decor-design-22.jpg,img/home/svcp-invitations.jpg
service-decor-design.html,img/home/service-decor-design-23.jpg,img/home/svcp-decor.jpg
service-floral-mandap.html,img/home/service-floral-mandap-01.jpg,img/home/svcp-decor.jpg
service-floral-mandap.html,img/home/service-floral-mandap-02.jpg,img/home/svcp-rituals.jpg
service-floral-mandap.html,img/home/service-floral-mandap-03.jpg,img/home/svcp-sangeet.jpg
service-floral-mandap.html,img/home/service-floral-mandap-04.jpg,img/home/svcp-catering.jpg
service-floral-mandap.html,img/home/service-floral-mandap-05.jpg,img/home/svcp-decor.jpg
service-floral-mandap.html,img/home/service-floral-mandap-06.jpg,img/home/svcp-rituals.jpg
service-floral-mandap.html,img/home/service-floral-mandap-07.jpg,img/home/svcp-lighting-v2.jpg
service-floral-mandap.html,img/home/service-floral-mandap-08.jpg,img/home/svcp-sangeet.jpg
service-floral-mandap.html,img/home/service-floral-mandap-09.jpg,img/home/svcp-photography.jpg
service-floral-mandap.html,img/home/service-floral-mandap-10.jpg,img/home/svcp-catering.jpg
service-floral-mandap.html,img/home/service-floral-mandap-11.jpg,img/home/svcp-catering.jpg
service-floral-mandap.html,img/home/service-floral-mandap-12.jpg,img/home/svcp-photography.jpg
service-floral-mandap.html,img/home/service-floral-mandap-13.jpg,img/home/svcp-sangeet.jpg
service-floral-mandap.html,img/home/service-floral-mandap-14.jpg,img/home/svcp-lighting-v2.jpg
service-floral-mandap.html,img/home/service-floral-mandap-15.jpg,img/home/svcp-rituals.jpg
service-floral-mandap.html,img/home/service-floral-mandap-16.jpg,img/home/svcp-decor.jpg
service-floral-mandap.html,img/home/service-floral-mandap-17.jpg,img/home/svcp-rituals.jpg
service-floral-mandap.html,img/home/service-floral-mandap-18.jpg,img/home/svcp-decor.jpg
service-floral-mandap.html,img/home/service-floral-mandap-19.jpg,img/home/svcp-rituals.jpg
service-floral-mandap.html,img/home/service-floral-mandap-20.jpg,img/home/svcp-lighting-v2.jpg
service-floral-mandap.html,img/home/service-floral-mandap-21.jpg,img/home/svcp-floral-v2.jpg
service-floral-mandap.html,img/home/service-floral-mandap-22.jpg,img/home/svcp-lighting-v2.jpg
service-floral-mandap.html,img/home/service-floral-mandap-23.jpg,img/home/svcp-floral-v2.jpg
service-hospitality-manpower.html,img/home/service-hospitality-manpower-01.jpg,img/home/svcp-coordination.jpg
service-hospitality-manpower.html,img/home/service-hospitality-manpower-02.jpg,img/home/svcp-coordination.jpg
service-hospitality-manpower.html,img/home/service-hospitality-manpower-03.jpg,img/home/svcp-transport.jpg
service-hospitality-manpower.html,img/home/service-hospitality-manpower-04.jpg,img/home/svcp-catering.jpg
service-hospitality-manpower.html,img/home/service-hospitality-manpower-05.jpg,img/home/svcp-decor.jpg
service-hospitality-manpower.html,img/home/service-hospitality-manpower-06.jpg,img/home/svcp-anchoring-v2.jpg
service-hospitality-manpower.html,img/home/service-hospitality-manpower-07.jpg,img/home/svcp-photography.jpg
service-hospitality-manpower.html,img/home/service-hospitality-manpower-08.jpg,img/home/svcp-transport.jpg
service-hospitality-manpower.html,img/home/service-hospitality-manpower-09.jpg,img/home/svcp-decor.jpg
service-hospitality-manpower.html,img/home/service-hospitality-manpower-10.jpg,img/home/svcp-photography.jpg
service-hospitality-manpower.html,img/home/service-hospitality-manpower-11.jpg,img/home/svcp-photography.jpg
service-hospitality-manpower.html,img/home/service-hospitality-manpower-12.jpg,img/home/svcp-anchoring-v2.jpg
service-hospitality-manpower.html,img/home/service-hospitality-manpower-13.jpg,img/home/svcp-decor.jpg
service-hospitality-manpower.html,img/home/service-hospitality-manpower-14.jpg,img/home/svcp-catering.jpg
service-hospitality-manpower.html,img/home/service-hospitality-manpower-15.jpg,img/home/svcp-transport.jpg
service-hospitality-manpower.html,img/home/service-hospitality-manpower-16.jpg,img/home/svcp-coordination.jpg
service-hospitality-manpower.html,img/home/service-hospitality-manpower-17.jpg,img/home/svcp-transport.jpg
service-hospitality-manpower.html,img/home/service-hospitality-manpower-18.jpg,img/home/svcp-transport.jpg
service-hospitality-manpower.html,img/home/service-hospitality-manpower-19.jpg,img/home/svcp-coordination.jpg
service-hospitality-manpower.html,img/home/service-hospitality-manpower-20.jpg,img/home/svcp-catering.jpg
service-hospitality-manpower.html,img/home/service-hospitality-manpower-21.jpg,img/home/svcp-stay.jpg
service-hospitality-manpower.html,img/home/service-hospitality-manpower-22.jpg,img/home/svcp-catering.jpg
service-hospitality-manpower.html,img/home/service-hospitality-manpower-23.jpg,img/home/svcp-stay.jpg
service-invitations.html,img/home/service-invitations-01.jpg,img/home/svcp-decor.jpg
service-invitations.html,img/home/service-invitations-02.jpg,img/home/svcp-decor.jpg
service-invitations.html,img/home/service-invitations-03.jpg,img/home/svcp-cake-v2.jpg
service-invitations.html,img/home/service-invitations-04.jpg,img/home/svcp-photography.jpg
service-invitations.html,img/home/service-invitations-05.jpg,img/home/svcp-floral-v2.jpg
service-invitations.html,img/home/service-invitations-06.jpg,img/home/svcp-sangeet.jpg
service-invitations.html,img/home/service-invitations-07.jpg,img/home/svcp-catering.jpg
service-invitations.html,img/home/service-invitations-08.jpg,img/home/svcp-cake-v2.jpg
service-invitations.html,img/home/service-invitations-09.jpg,img/home/svcp-floral-v2.jpg
service-invitations.html,img/home/service-invitations-10.jpg,img/home/svcp-catering.jpg
service-invitations.html,img/home/service-invitations-11.jpg,img/home/svcp-catering.jpg
service-invitations.html,img/home/service-invitations-12.jpg,img/home/svcp-sangeet.jpg
service-invitations.html,img/home/service-invitations-13.jpg,img/home/svcp-floral-v2.jpg
service-invitations.html,img/home/service-invitations-14.jpg,img/home/svcp-photography.jpg
service-invitations.html,img/home/service-invitations-15.jpg,img/home/svcp-cake-v2.jpg
service-invitations.html,img/home/service-invitations-16.jpg,img/home/svcp-decor.jpg
service-invitations.html,img/home/service-invitations-17.jpg,img/home/svcp-cake-v2.jpg
service-invitations.html,img/home/service-invitations-18.jpg,img/home/svcp-decor.jpg
service-invitations.html,img/home/service-invitations-19.jpg,img/home/svcp-invitations.jpg
service-invitations.html,img/home/service-invitations-20.jpg,img/home/svcp-stay.jpg
service-invitations.html,img/home/service-invitations-21.jpg,img/home/svcp-invitations.jpg
service-invitations.html,img/home/service-invitations-22.jpg,img/home/svcp-photography.jpg
service-invitations.html,img/home/service-invitations-23.jpg,img/home/svcp-invitations.jpg
service-kids-corner.html,img/home/service-kids-corner-01.jpg,img/home/svcp-cake-v2.jpg
service-kids-corner.html,img/home/service-kids-corner-02.jpg,img/home/svcp-cake-v2.jpg
service-kids-corner.html,img/home/service-kids-corner-03.jpg,img/home/svcp-catering.jpg
service-kids-corner.html,img/home/service-kids-corner-04.jpg,img/home/svcp-sangeet.jpg
service-kids-corner.html,img/home/service-kids-corner-05.jpg,img/home/svcp-decor.jpg
service-kids-corner.html,img/home/service-kids-corner-06.jpg,img/home/svcp-photography.jpg
service-kids-corner.html,img/home/service-kids-corner-07.jpg,img/home/svcp-makeup.jpg
service-kids-corner.html,img/home/service-kids-corner-08.jpg,img/home/svcp-catering.jpg
service-kids-corner.html,img/home/service-kids-corner-09.jpg,img/home/svcp-decor.jpg
service-kids-corner.html,img/home/service-kids-corner-10.jpg,img/home/svcp-makeup.jpg
service-kids-corner.html,img/home/service-kids-corner-11.jpg,img/home/svcp-makeup.jpg
service-kids-corner.html,img/home/service-kids-corner-12.jpg,img/home/svcp-photography.jpg
service-kids-corner.html,img/home/service-kids-corner-13.jpg,img/home/svcp-decor.jpg
service-kids-corner.html,img/home/service-kids-corner-14.jpg,img/home/svcp-sangeet.jpg
service-kids-corner.html,img/home/service-kids-corner-15.jpg,img/home/svcp-catering.jpg
service-kids-corner.html,img/home/service-kids-corner-16.jpg,img/home/svcp-cake-v2.jpg
service-kids-corner.html,img/home/service-kids-corner-17.jpg,img/home/svcp-catering.jpg
service-kids-corner.html,img/home/service-kids-corner-18.jpg,img/home/svcp-kidscorner.jpg
service-kids-corner.html,img/home/service-kids-corner-19.jpg,img/home/svcp-cake-v2.jpg
service-kids-corner.html,img/home/service-kids-corner-20.jpg,img/home/svcp-invitations.jpg
service-kids-corner.html,img/home/service-kids-corner-21.jpg,img/home/svcp-kidscorner.jpg
service-kids-corner.html,img/home/service-kids-corner-22.jpg,img/home/svcp-sangeet.jpg
service-kids-corner.html,img/home/service-kids-corner-23.jpg,img/home/svcp-kidscorner.jpg
service-lighting-sound.html,img/home/service-lighting-sound-01.jpg,img/home/svcp-sangeet.jpg
service-lighting-sound.html,img/home/service-lighting-sound-02.jpg,img/home/svcp-sangeet.jpg
service-lighting-sound.html,img/home/service-lighting-sound-03.jpg,img/home/svcp-decor.jpg
service-lighting-sound.html,img/home/service-lighting-sound-04.jpg,img/home/svcp-photography.jpg
service-lighting-sound.html,img/home/service-lighting-sound-05.jpg,img/home/svcp-choreography-v2.jpg
service-lighting-sound.html,img/home/service-lighting-sound-06.jpg,img/home/svcp-catering.jpg
service-lighting-sound.html,img/home/service-lighting-sound-07.jpg,img/home/svcp-coordination.jpg
service-lighting-sound.html,img/home/service-lighting-sound-08.jpg,img/home/svcp-decor.jpg
service-lighting-sound.html,img/home/service-lighting-sound-09.jpg,img/home/svcp-choreography-v2.jpg
service-lighting-sound.html,img/home/service-lighting-sound-10.jpg,img/home/svcp-coordination.jpg
service-lighting-sound.html,img/home/service-lighting-sound-11.jpg,img/home/svcp-coordination.jpg
service-lighting-sound.html,img/home/service-lighting-sound-12.jpg,img/home/svcp-catering.jpg
service-lighting-sound.html,img/home/service-lighting-sound-13.jpg,img/home/svcp-choreography-v2.jpg
service-lighting-sound.html,img/home/service-lighting-sound-14.jpg,img/home/svcp-photography.jpg
service-lighting-sound.html,img/home/service-lighting-sound-15.jpg,img/home/svcp-decor.jpg
service-lighting-sound.html,img/home/service-lighting-sound-16.jpg,img/home/svcp-sangeet.jpg
service-lighting-sound.html,img/home/service-lighting-sound-17.jpg,img/home/svcp-decor.jpg
service-lighting-sound.html,img/home/service-lighting-sound-18.jpg,img/home/svcp-sangeet.jpg
service-lighting-sound.html,img/home/service-lighting-sound-19.jpg,img/home/svcp-decor.jpg
service-lighting-sound.html,img/home/service-lighting-sound-20.jpg,img/home/svcp-coordination.jpg
service-lighting-sound.html,img/home/service-lighting-sound-21.jpg,img/home/svcp-lighting-v2.jpg
service-lighting-sound.html,img/home/service-lighting-sound-22.jpg,img/home/svcp-photography.jpg
service-lighting-sound.html,img/home/service-lighting-sound-23.jpg,img/home/svcp-lighting-v2.jpg
service-live-streaming.html,img/home/service-live-streaming-01.jpg,img/home/svcp-photography.jpg
service-live-streaming.html,img/home/service-live-streaming-02.jpg,img/home/svcp-anchoring-v2.jpg
service-live-streaming.html,img/home/service-live-streaming-03.jpg,img/home/svcp-sangeet.jpg
service-live-streaming.html,img/home/service-live-streaming-04.jpg,img/home/svcp-decor.jpg
service-live-streaming.html,img/home/service-live-streaming-05.jpg,img/home/svcp-photography.jpg
service-live-streaming.html,img/home/service-live-streaming-06.jpg,img/home/svcp-anchoring-v2.jpg
service-live-streaming.html,img/home/service-live-streaming-07.jpg,img/home/svcp-lighting-v2.jpg
service-live-streaming.html,img/home/service-live-streaming-08.jpg,img/home/svcp-sangeet.jpg
service-live-streaming.html,img/home/service-live-streaming-09.jpg,img/home/svcp-coordination.jpg
service-live-streaming.html,img/home/service-live-streaming-10.jpg,img/home/svcp-decor.jpg
service-live-streaming.html,img/home/service-live-streaming-11.jpg,img/home/svcp-decor.jpg
service-live-streaming.html,img/home/service-live-streaming-12.jpg,img/home/svcp-coordination.jpg
service-live-streaming.html,img/home/service-live-streaming-13.jpg,img/home/svcp-sangeet.jpg
service-live-streaming.html,img/home/service-live-streaming-14.jpg,img/home/svcp-lighting-v2.jpg
service-live-streaming.html,img/home/service-live-streaming-15.jpg,img/home/svcp-anchoring-v2.jpg
service-live-streaming.html,img/home/service-live-streaming-16.jpg,img/home/svcp-photography.jpg
service-live-streaming.html,img/home/service-live-streaming-17.jpg,img/home/svcp-anchoring-v2.jpg
service-live-streaming.html,img/home/service-live-streaming-18.jpg,img/home/svcp-photography.jpg
service-live-streaming.html,img/home/service-live-streaming-19.jpg,img/home/svcp-anchoring-v2.jpg
service-live-streaming.html,img/home/service-live-streaming-20.jpg,img/home/svcp-lighting-v2.jpg
service-live-streaming.html,img/home/service-live-streaming-21.jpg,img/home/svcp-livestreaming-v2.jpg
service-live-streaming.html,img/home/service-live-streaming-22.jpg,img/home/svcp-lighting-v2.jpg
service-live-streaming.html,img/home/service-live-streaming-23.jpg,img/home/svcp-livestreaming-v2.jpg
service-makeup-styling.html,img/home/service-makeup-styling-01.jpg,img/home/svcp-prewedding.jpg
service-makeup-styling.html,img/home/service-makeup-styling-02.jpg,img/home/svcp-photography.jpg
service-makeup-styling.html,img/home/service-makeup-styling-03.jpg,img/home/svcp-sangeet.jpg
service-makeup-styling.html,img/home/service-makeup-styling-04.jpg,img/home/svcp-invitations.jpg
service-makeup-styling.html,img/home/service-makeup-styling-05.jpg,img/home/svcp-prewedding.jpg
service-makeup-styling.html,img/home/service-makeup-styling-06.jpg,img/home/svcp-photography.jpg
service-makeup-styling.html,img/home/service-makeup-styling-07.jpg,img/home/svcp-decor.jpg
service-makeup-styling.html,img/home/service-makeup-styling-08.jpg,img/home/svcp-sangeet.jpg
service-makeup-styling.html,img/home/service-makeup-styling-09.jpg,img/home/svcp-floral-v2.jpg
service-makeup-styling.html,img/home/service-makeup-styling-10.jpg,img/home/svcp-invitations.jpg
service-makeup-styling.html,img/home/service-makeup-styling-11.jpg,img/home/svcp-invitations.jpg
service-makeup-styling.html,img/home/service-makeup-styling-12.jpg,img/home/svcp-floral-v2.jpg
service-makeup-styling.html,img/home/service-makeup-styling-13.jpg,img/home/svcp-sangeet.jpg
service-makeup-styling.html,img/home/service-makeup-styling-14.jpg,img/home/svcp-decor.jpg
service-makeup-styling.html,img/home/service-makeup-styling-15.jpg,img/home/svcp-photography.jpg
service-makeup-styling.html,img/home/service-makeup-styling-16.jpg,img/home/svcp-prewedding.jpg
service-makeup-styling.html,img/home/service-makeup-styling-17.jpg,img/home/svcp-photography.jpg
service-makeup-styling.html,img/home/service-makeup-styling-18.jpg,img/home/svcp-photography.jpg
service-makeup-styling.html,img/home/service-makeup-styling-19.jpg,img/home/svcp-prewedding.jpg
service-makeup-styling.html,img/home/service-makeup-styling-20.jpg,img/home/svcp-decor.jpg
service-makeup-styling.html,img/home/service-makeup-styling-21.jpg,img/home/svcp-makeup.jpg
service-makeup-styling.html,img/home/service-makeup-styling-22.jpg,img/home/svcp-decor.jpg
service-makeup-styling.html,img/home/service-makeup-styling-23.jpg,img/home/svcp-makeup.jpg
service-manpower-crew.html,img/home/service-manpower-crew-01.jpg,img/home/gstill-01.jpg
service-manpower-crew.html,img/home/service-manpower-crew-02.jpg,img/home/gstill-02.jpg
service-manpower-crew.html,img/home/service-manpower-crew-03.jpg,img/home/gstill-30.jpg
service-manpower-crew.html,img/home/service-manpower-crew-04.jpg,img/home/gstill-42.jpg
service-manpower-crew.html,img/home/service-manpower-crew-05.jpg,img/home/gstill-40.jpg
service-manpower-crew.html,img/home/service-manpower-crew-06.jpg,img/home/gstill-04.jpg
service-manpower-crew.html,img/home/service-manpower-crew-07.jpg,img/home/gstill-31.jpg
service-manpower-crew.html,img/home/service-manpower-crew-08.jpg,img/home/gstill-15.jpg
service-manpower-crew.html,img/home/service-manpower-crew-09.jpg,img/home/gstill-11.jpg
service-manpower-crew.html,img/home/service-manpower-crew-10.jpg,img/home/gstill-03.jpg
service-manpower-crew.html,img/home/service-manpower-crew-11.jpg,img/home/gstill-24.jpg
service-manpower-crew.html,img/home/service-manpower-crew-12.jpg,img/home/gstill-05.jpg
service-manpower-crew.html,img/home/service-manpower-crew-13.jpg,img/home/gstill-06.jpg
service-manpower-crew.html,img/home/service-manpower-crew-14.jpg,img/home/gstill-18.jpg
service-manpower-crew.html,img/home/service-manpower-crew-15.jpg,img/home/gstill-07.jpg
service-manpower-crew.html,img/home/service-manpower-crew-16.jpg,img/home/gstill-09.jpg
service-manpower-crew.html,img/home/service-manpower-crew-17.jpg,img/home/gstill-08.jpg
service-manpower-crew.html,img/home/service-manpower-crew-18.jpg,img/home/evf-weddings.jpg
service-manpower-crew.html,img/home/service-manpower-crew-19.jpg,img/home/evf-reception.jpg
service-manpower-crew.html,img/home/service-manpower-crew-20.jpg,img/home/ev-cultural.jpg
service-manpower-crew.html,img/home/service-manpower-crew-21.jpg,img/home/svcp-coordination.jpg
service-manpower-crew.html,img/home/service-manpower-crew-22.jpg,img/home/svcp-catering.jpg
service-manpower-crew.html,img/home/service-manpower-crew-23.jpg,img/home/svcp-crew.jpg
service-manpower-crew.html,img/home/service-manpower-crew-24.jpg,img/home/cta-bg.jpg
service-nanny.html,img/home/service-nanny-01.jpg,img/home/svcp-catering.jpg
service-nanny.html,img/home/service-nanny-02.jpg,img/home/svcp-catering.jpg
service-nanny.html,img/home/service-nanny-03.jpg,img/home/svcp-coordination.jpg
service-nanny.html,img/home/service-nanny-04.jpg,img/home/svcp-cake-v2.jpg
service-nanny.html,img/home/service-nanny-05.jpg,img/home/svcp-decor.jpg
service-nanny.html,img/home/service-nanny-06.jpg,img/home/svcp-photography.jpg
service-nanny.html,img/home/service-nanny-07.jpg,img/home/svcp-sangeet.jpg
service-nanny.html,img/home/service-nanny-08.jpg,img/home/svcp-coordination.jpg
service-nanny.html,img/home/service-nanny-09.jpg,img/home/svcp-decor.jpg
service-nanny.html,img/home/service-nanny-10.jpg,img/home/svcp-sangeet.jpg
service-nanny.html,img/home/service-nanny-11.jpg,img/home/svcp-sangeet.jpg
service-nanny.html,img/home/service-nanny-12.jpg,img/home/svcp-photography.jpg
service-nanny.html,img/home/service-nanny-13.jpg,img/home/svcp-decor.jpg
service-nanny.html,img/home/service-nanny-14.jpg,img/home/svcp-cake-v2.jpg
service-nanny.html,img/home/service-nanny-15.jpg,img/home/svcp-coordination.jpg
service-nanny.html,img/home/service-nanny-16.jpg,img/home/svcp-catering.jpg
service-nanny.html,img/home/service-nanny-17.jpg,img/home/svcp-coordination.jpg
service-nanny.html,img/home/service-nanny-18.jpg,img/home/svcp-kidscorner.jpg
service-nanny.html,img/home/service-nanny-19.jpg,img/home/svcp-catering.jpg
service-nanny.html,img/home/service-nanny-20.jpg,img/home/svcp-coordination.jpg
service-nanny.html,img/home/service-nanny-21.jpg,img/home/svcp-kidscorner.jpg
service-nanny.html,img/home/service-nanny-22.jpg,img/home/svcp-cake-v2.jpg
service-nanny.html,img/home/service-nanny-23.jpg,img/home/svcp-kidscorner.jpg
service-photography.html,img/home/service-photography-01.jpg,img/home/svcp-prewedding.jpg
service-photography.html,img/home/service-photography-02.jpg,img/home/svcp-prewedding.jpg
service-photography.html,img/home/service-photography-03.jpg,img/home/svcp-makeup.jpg
service-photography.html,img/home/service-photography-04.jpg,img/home/svcp-decor.jpg
service-photography.html,img/home/service-photography-05.jpg,img/home/svcp-sangeet.jpg
service-photography.html,img/home/service-photography-06.jpg,img/home/svcp-lighting-v2.jpg
service-photography.html,img/home/service-photography-07.jpg,img/home/svcp-coordination.jpg
service-photography.html,img/home/service-photography-08.jpg,img/home/svcp-makeup.jpg
service-photography.html,img/home/service-photography-09.jpg,img/home/svcp-sangeet.jpg
service-photography.html,img/home/service-photography-10.jpg,img/home/svcp-coordination.jpg
service-photography.html,img/home/service-photography-11.jpg,img/home/svcp-coordination.jpg
service-photography.html,img/home/service-photography-12.jpg,img/home/svcp-lighting-v2.jpg
service-photography.html,img/home/service-photography-13.jpg,img/home/svcp-sangeet.jpg
service-photography.html,img/home/service-photography-14.jpg,img/home/svcp-decor.jpg
service-photography.html,img/home/service-photography-15.jpg,img/home/svcp-makeup.jpg
service-photography.html,img/home/service-photography-16.jpg,img/home/svcp-prewedding.jpg
service-photography.html,img/home/service-photography-17.jpg,img/home/svcp-makeup.jpg
service-photography.html,img/home/service-photography-18.jpg,img/home/svcp-prewedding.jpg
service-photography.html,img/home/service-photography-19.jpg,img/home/svcp-lighting-v2.jpg
service-photography.html,img/home/service-photography-20.jpg,img/home/svcp-coordination.jpg
service-photography.html,img/home/service-photography-21.jpg,img/home/svcp-photography.jpg
service-photography.html,img/home/service-photography-22.jpg,img/home/svcp-decor.jpg
service-photography.html,img/home/service-photography-23.jpg,img/home/svcp-photography.jpg
service-pre-wedding-shoots.html,img/home/service-pre-wedding-shoots-01.jpg,img/home/svcp-photography.jpg
service-pre-wedding-shoots.html,img/home/service-pre-wedding-shoots-02.jpg,img/home/svcp-photography.jpg
service-pre-wedding-shoots.html,img/home/service-pre-wedding-shoots-03.jpg,img/home/svcp-makeup.jpg
service-pre-wedding-shoots.html,img/home/service-pre-wedding-shoots-04.jpg,img/home/svcp-decor.jpg
service-pre-wedding-shoots.html,img/home/service-pre-wedding-shoots-05.jpg,img/home/svcp-sangeet.jpg
service-pre-wedding-shoots.html,img/home/service-pre-wedding-shoots-06.jpg,img/home/svcp-floral-v2.jpg
service-pre-wedding-shoots.html,img/home/service-pre-wedding-shoots-07.jpg,img/home/svcp-lighting-v2.jpg
service-pre-wedding-shoots.html,img/home/service-pre-wedding-shoots-08.jpg,img/home/svcp-makeup.jpg
service-pre-wedding-shoots.html,img/home/service-pre-wedding-shoots-09.jpg,img/home/svcp-sangeet.jpg
service-pre-wedding-shoots.html,img/home/service-pre-wedding-shoots-10.jpg,img/home/svcp-lighting-v2.jpg
service-pre-wedding-shoots.html,img/home/service-pre-wedding-shoots-11.jpg,img/home/svcp-lighting-v2.jpg
service-pre-wedding-shoots.html,img/home/service-pre-wedding-shoots-12.jpg,img/home/svcp-floral-v2.jpg
service-pre-wedding-shoots.html,img/home/service-pre-wedding-shoots-13.jpg,img/home/svcp-sangeet.jpg
service-pre-wedding-shoots.html,img/home/service-pre-wedding-shoots-14.jpg,img/home/svcp-decor.jpg
service-pre-wedding-shoots.html,img/home/service-pre-wedding-shoots-15.jpg,img/home/svcp-makeup.jpg
service-pre-wedding-shoots.html,img/home/service-pre-wedding-shoots-16.jpg,img/home/svcp-photography.jpg
service-pre-wedding-shoots.html,img/home/service-pre-wedding-shoots-17.jpg,img/home/svcp-makeup.jpg
service-pre-wedding-shoots.html,img/home/service-pre-wedding-shoots-18.jpg,img/home/svcp-photography.jpg
service-pre-wedding-shoots.html,img/home/service-pre-wedding-shoots-19.jpg,img/home/svcp-makeup.jpg
service-pre-wedding-shoots.html,img/home/service-pre-wedding-shoots-20.jpg,img/home/svcp-decor.jpg
service-pre-wedding-shoots.html,img/home/service-pre-wedding-shoots-21.jpg,img/home/svcp-prewedding.jpg
service-pre-wedding-shoots.html,img/home/service-pre-wedding-shoots-22.jpg,img/home/svcp-decor.jpg
service-pre-wedding-shoots.html,img/home/service-pre-wedding-shoots-23.jpg,img/home/svcp-prewedding.jpg
service-purohit-rituals.html,img/home/service-purohit-rituals-01.jpg,img/home/svcp-floral-v2.jpg
service-purohit-rituals.html,img/home/service-purohit-rituals-02.jpg,img/home/svcp-decor.jpg
service-purohit-rituals.html,img/home/service-purohit-rituals-03.jpg,img/home/svcp-photography.jpg
service-purohit-rituals.html,img/home/service-purohit-rituals-04.jpg,img/home/svcp-catering.jpg
service-purohit-rituals.html,img/home/service-purohit-rituals-05.jpg,img/home/svcp-floral-v2.jpg
service-purohit-rituals.html,img/home/service-purohit-rituals-06.jpg,img/home/svcp-decor.jpg
service-purohit-rituals.html,img/home/service-purohit-rituals-07.jpg,img/home/svcp-coordination.jpg
service-purohit-rituals.html,img/home/service-purohit-rituals-08.jpg,img/home/svcp-photography.jpg
service-purohit-rituals.html,img/home/service-purohit-rituals-09.jpg,img/home/svcp-sangeet.jpg
service-purohit-rituals.html,img/home/service-purohit-rituals-10.jpg,img/home/svcp-catering.jpg
service-purohit-rituals.html,img/home/service-purohit-rituals-11.jpg,img/home/svcp-catering.jpg
service-purohit-rituals.html,img/home/service-purohit-rituals-12.jpg,img/home/svcp-sangeet.jpg
service-purohit-rituals.html,img/home/service-purohit-rituals-13.jpg,img/home/svcp-photography.jpg
service-purohit-rituals.html,img/home/service-purohit-rituals-14.jpg,img/home/svcp-coordination.jpg
service-purohit-rituals.html,img/home/service-purohit-rituals-15.jpg,img/home/svcp-decor.jpg
service-purohit-rituals.html,img/home/service-purohit-rituals-16.jpg,img/home/svcp-floral-v2.jpg
service-purohit-rituals.html,img/home/service-purohit-rituals-17.jpg,img/home/svcp-decor.jpg
service-purohit-rituals.html,img/home/service-purohit-rituals-18.jpg,img/home/svcp-floral-v2.jpg
service-purohit-rituals.html,img/home/service-purohit-rituals-19.jpg,img/home/svcp-decor.jpg
service-purohit-rituals.html,img/home/service-purohit-rituals-20.jpg,img/home/svcp-coordination.jpg
service-purohit-rituals.html,img/home/service-purohit-rituals-21.jpg,img/home/svcp-rituals.jpg
service-purohit-rituals.html,img/home/service-purohit-rituals-22.jpg,img/home/svcp-coordination.jpg
service-purohit-rituals.html,img/home/service-purohit-rituals-23.jpg,img/home/svcp-rituals.jpg
service-return-gifts.html,img/home/service-return-gifts-01.jpg,img/home/svcp-cake-v2.jpg
service-return-gifts.html,img/home/service-return-gifts-02.jpg,img/home/svcp-cake-v2.jpg
service-return-gifts.html,img/home/service-return-gifts-03.jpg,img/home/svcp-catering.jpg
service-return-gifts.html,img/home/service-return-gifts-04.jpg,img/home/svcp-decor.jpg
service-return-gifts.html,img/home/service-return-gifts-05.jpg,img/home/svcp-kidscorner.jpg
service-return-gifts.html,img/home/service-return-gifts-06.jpg,img/home/svcp-photography.jpg
service-return-gifts.html,img/home/service-return-gifts-07.jpg,img/home/svcp-sangeet.jpg
service-return-gifts.html,img/home/service-return-gifts-08.jpg,img/home/svcp-catering.jpg
service-return-gifts.html,img/home/service-return-gifts-09.jpg,img/home/svcp-kidscorner.jpg
service-return-gifts.html,img/home/service-return-gifts-10.jpg,img/home/svcp-sangeet.jpg
service-return-gifts.html,img/home/service-return-gifts-11.jpg,img/home/svcp-sangeet.jpg
service-return-gifts.html,img/home/service-return-gifts-12.jpg,img/home/svcp-photography.jpg
service-return-gifts.html,img/home/service-return-gifts-13.jpg,img/home/svcp-kidscorner.jpg
service-return-gifts.html,img/home/service-return-gifts-14.jpg,img/home/svcp-decor.jpg
service-return-gifts.html,img/home/service-return-gifts-15.jpg,img/home/svcp-catering.jpg
service-return-gifts.html,img/home/service-return-gifts-16.jpg,img/home/svcp-cake-v2.jpg
service-return-gifts.html,img/home/service-return-gifts-17.jpg,img/home/svcp-catering.jpg
service-return-gifts.html,img/home/service-return-gifts-18.jpg,img/home/svcp-invitations.jpg
service-return-gifts.html,img/home/service-return-gifts-19.jpg,img/home/svcp-catering.jpg
service-return-gifts.html,img/home/service-return-gifts-20.jpg,img/home/svcp-stay.jpg
service-return-gifts.html,img/home/service-return-gifts-21.jpg,img/home/svcp-invitations.jpg
service-return-gifts.html,img/home/service-return-gifts-22.jpg,img/home/svcp-decor.jpg
service-return-gifts.html,img/home/service-return-gifts-23.jpg,img/home/svcp-invitations.jpg
service-sangeet-entertainment.html,img/home/service-sangeet-entertainment-01.jpg,img/home/svcp-choreography-v2.jpg
service-sangeet-entertainment.html,img/home/service-sangeet-entertainment-02.jpg,img/home/svcp-lighting-v2.jpg
service-sangeet-entertainment.html,img/home/service-sangeet-entertainment-03.jpg,img/home/svcp-decor.jpg
service-sangeet-entertainment.html,img/home/service-sangeet-entertainment-04.jpg,img/home/svcp-catering.jpg
service-sangeet-entertainment.html,img/home/service-sangeet-entertainment-05.jpg,img/home/svcp-choreography-v2.jpg
service-sangeet-entertainment.html,img/home/service-sangeet-entertainment-06.jpg,img/home/svcp-lighting-v2.jpg
service-sangeet-entertainment.html,img/home/service-sangeet-entertainment-07.jpg,img/home/svcp-anchoring-v2.jpg
service-sangeet-entertainment.html,img/home/service-sangeet-entertainment-08.jpg,img/home/svcp-decor.jpg
service-sangeet-entertainment.html,img/home/service-sangeet-entertainment-09.jpg,img/home/svcp-photography.jpg
service-sangeet-entertainment.html,img/home/service-sangeet-entertainment-10.jpg,img/home/svcp-catering.jpg
service-sangeet-entertainment.html,img/home/service-sangeet-entertainment-11.jpg,img/home/svcp-catering.jpg
service-sangeet-entertainment.html,img/home/service-sangeet-entertainment-12.jpg,img/home/svcp-photography.jpg
service-sangeet-entertainment.html,img/home/service-sangeet-entertainment-13.jpg,img/home/svcp-decor.jpg
service-sangeet-entertainment.html,img/home/service-sangeet-entertainment-14.jpg,img/home/svcp-anchoring-v2.jpg
service-sangeet-entertainment.html,img/home/service-sangeet-entertainment-15.jpg,img/home/svcp-lighting-v2.jpg
service-sangeet-entertainment.html,img/home/service-sangeet-entertainment-16.jpg,img/home/svcp-choreography-v2.jpg
service-sangeet-entertainment.html,img/home/service-sangeet-entertainment-17.jpg,img/home/svcp-lighting-v2.jpg
service-sangeet-entertainment.html,img/home/service-sangeet-entertainment-18.jpg,img/home/svcp-choreography-v2.jpg
service-sangeet-entertainment.html,img/home/service-sangeet-entertainment-19.jpg,img/home/svcp-lighting-v2.jpg
service-sangeet-entertainment.html,img/home/service-sangeet-entertainment-20.jpg,img/home/svcp-anchoring-v2.jpg
service-sangeet-entertainment.html,img/home/service-sangeet-entertainment-21.jpg,img/home/svcp-sangeet.jpg
service-sangeet-entertainment.html,img/home/service-sangeet-entertainment-22.jpg,img/home/svcp-anchoring-v2.jpg
service-sangeet-entertainment.html,img/home/service-sangeet-entertainment-23.jpg,img/home/svcp-sangeet.jpg
service-stay-hospitality.html,img/home/service-stay-hospitality-01.jpg,img/home/svcp-stay.jpg
service-stay-hospitality.html,img/home/service-stay-hospitality-02.jpg,img/home/gstill-30.jpg
service-stay-hospitality.html,img/home/service-stay-hospitality-03.jpg,img/home/gstill-42.jpg
service-stay-hospitality.html,img/home/service-stay-hospitality-04.jpg,img/home/gstill-04.jpg
service-stay-hospitality.html,img/home/service-stay-hospitality-05.jpg,img/home/gstill-31.jpg
service-stay-hospitality.html,img/home/service-stay-hospitality-06.jpg,img/home/gstill-40.jpg
service-stay-hospitality.html,img/home/service-stay-hospitality-07.jpg,img/home/gstill-15.jpg
service-stay-hospitality.html,img/home/service-stay-hospitality-08.jpg,img/home/gstill-11.jpg
service-stay-hospitality.html,img/home/service-stay-hospitality-09.jpg,img/home/gstill-01.jpg
service-stay-hospitality.html,img/home/service-stay-hospitality-10.jpg,img/home/gstill-24.jpg
service-stay-hospitality.html,img/home/service-stay-hospitality-11.jpg,img/home/gstill-02.jpg
service-stay-hospitality.html,img/home/service-stay-hospitality-12.jpg,img/home/gstill-03.jpg
service-stay-hospitality.html,img/home/service-stay-hospitality-13.jpg,img/home/gstill-18.jpg
service-stay-hospitality.html,img/home/service-stay-hospitality-14.jpg,img/home/gstill-05.jpg
service-stay-hospitality.html,img/home/service-stay-hospitality-15.jpg,img/home/gstill-09.jpg
service-stay-hospitality.html,img/home/service-stay-hospitality-16.jpg,img/home/gstill-06.jpg
service-stay-hospitality.html,img/home/service-stay-hospitality-17.jpg,img/home/evf-weddings.jpg
service-stay-hospitality.html,img/home/service-stay-hospitality-18.jpg,img/home/evf-reception.jpg
service-stay-hospitality.html,img/home/service-stay-hospitality-19.jpg,img/home/ev-cultural.jpg
service-stay-hospitality.html,img/home/service-stay-hospitality-20.jpg,img/home/svcp-coordination.jpg
service-stay-hospitality.html,img/home/service-stay-hospitality-21.jpg,img/home/svcp-catering.jpg
service-stay-hospitality.html,img/home/service-stay-hospitality-22.jpg,img/home/cta-bg.jpg
service-transport-logistics.html,img/home/service-transport-logistics-01.jpg,img/home/svcp-transport.jpg
service-transport-logistics.html,img/home/service-transport-logistics-02.jpg,img/home/gstill-40.jpg
service-transport-logistics.html,img/home/service-transport-logistics-03.jpg,img/home/gstill-31.jpg
service-transport-logistics.html,img/home/service-transport-logistics-04.jpg,img/home/gstill-42.jpg
service-transport-logistics.html,img/home/service-transport-logistics-05.jpg,img/home/gstill-30.jpg
service-transport-logistics.html,img/home/service-transport-logistics-06.jpg,img/home/gstill-04.jpg
service-transport-logistics.html,img/home/service-transport-logistics-07.jpg,img/home/gstill-15.jpg
service-transport-logistics.html,img/home/service-transport-logistics-08.jpg,img/home/gstill-11.jpg
service-transport-logistics.html,img/home/service-transport-logistics-09.jpg,img/home/gstill-01.jpg
service-transport-logistics.html,img/home/service-transport-logistics-10.jpg,img/home/gstill-24.jpg
service-transport-logistics.html,img/home/service-transport-logistics-11.jpg,img/home/gstill-03.jpg
service-transport-logistics.html,img/home/service-transport-logistics-12.jpg,img/home/gstill-02.jpg
service-transport-logistics.html,img/home/service-transport-logistics-13.jpg,img/home/gstill-05.jpg
service-transport-logistics.html,img/home/service-transport-logistics-14.jpg,img/home/gstill-09.jpg
service-transport-logistics.html,img/home/service-transport-logistics-15.jpg,img/home/gstill-06.jpg
service-transport-logistics.html,img/home/service-transport-logistics-16.jpg,img/home/gstill-10.jpg
service-transport-logistics.html,img/home/service-transport-logistics-17.jpg,img/home/evf-weddings.jpg
service-transport-logistics.html,img/home/service-transport-logistics-18.jpg,img/home/evf-reception.jpg
service-transport-logistics.html,img/home/service-transport-logistics-19.jpg,img/home/ev-cultural.jpg
service-transport-logistics.html,img/home/service-transport-logistics-20.jpg,img/home/svcp-coordination.jpg
service-transport-logistics.html,img/home/service-transport-logistics-21.jpg,img/home/svcp-crew.jpg
service-transport-logistics.html,img/home/service-transport-logistics-22.jpg,img/home/cta-bg.jpg
service-transport-stay.html,img/home/service-transport-stay-01.jpg,img/home/svcp-stay.jpg
service-transport-stay.html,img/home/service-transport-stay-02.jpg,img/home/svcp-stay.jpg
service-transport-stay.html,img/home/service-transport-stay-03.jpg,img/home/svcp-coordination.jpg
service-transport-stay.html,img/home/service-transport-stay-04.jpg,img/home/svcp-catering.jpg
service-transport-stay.html,img/home/service-transport-stay-05.jpg,img/home/svcp-decor.jpg
service-transport-stay.html,img/home/service-transport-stay-06.jpg,img/home/svcp-photography.jpg
service-transport-stay.html,img/home/service-transport-stay-07.jpg,img/home/svcp-anchoring-v2.jpg
service-transport-stay.html,img/home/service-transport-stay-08.jpg,img/home/svcp-coordination.jpg
service-transport-stay.html,img/home/service-transport-stay-09.jpg,img/home/svcp-decor.jpg
service-transport-stay.html,img/home/service-transport-stay-10.jpg,img/home/svcp-anchoring-v2.jpg
service-transport-stay.html,img/home/service-transport-stay-11.jpg,img/home/svcp-anchoring-v2.jpg
service-transport-stay.html,img/home/service-transport-stay-12.jpg,img/home/svcp-photography.jpg
service-transport-stay.html,img/home/service-transport-stay-13.jpg,img/home/svcp-decor.jpg
service-transport-stay.html,img/home/service-transport-stay-14.jpg,img/home/svcp-catering.jpg
service-transport-stay.html,img/home/service-transport-stay-15.jpg,img/home/svcp-coordination.jpg
service-transport-stay.html,img/home/service-transport-stay-16.jpg,img/home/svcp-stay.jpg
service-transport-stay.html,img/home/service-transport-stay-17.jpg,img/home/svcp-coordination.jpg
service-transport-stay.html,img/home/service-transport-stay-18.jpg,img/home/svcp-stay.jpg
service-transport-stay.html,img/home/service-transport-stay-19.jpg,img/home/svcp-coordination.jpg
service-transport-stay.html,img/home/service-transport-stay-20.jpg,img/home/svcp-catering.jpg
service-transport-stay.html,img/home/service-transport-stay-21.jpg,img/home/svcp-transport.jpg
service-transport-stay.html,img/home/service-transport-stay-22.jpg,img/home/svcp-catering.jpg
service-transport-stay.html,img/home/service-transport-stay-23.jpg,img/home/svcp-transport.jpg
services.html,img/home/services-01.jpg,img/home/svc-oneroof.jpg
services.html,img/home/services-02.jpg,img/home/svcp-decor.jpg
services.html,img/home/services-03.jpg,img/home/svcp-photography.jpg
services.html,img/home/services-04.jpg,img/home/svcp-prewedding.jpg
services.html,img/home/services-05.jpg,img/home/svcp-sangeet.jpg
services.html,img/home/services-06.jpg,img/home/gstill-42.jpg
services.html,img/home/services-07.jpg,img/home/gstill-30.jpg
services.html,img/home/services-08.jpg,img/home/gstill-28.jpg
services.html,img/home/services-09.jpg,img/home/svcp-makeup.jpg
services.html,img/home/services-10.jpg,img/home/svcp-rituals.jpg
services.html,img/home/services-11.jpg,img/home/svcp-lighting-v2.jpg
services.html,img/home/services-12.jpg,img/home/svcp-floral-v2.jpg
services.html,img/home/services-13.jpg,img/home/svcp-choreography-v2.jpg
services.html,img/home/services-14.jpg,img/home/svcp-anchoring-v2.jpg
services.html,img/home/services-15.jpg,img/home/svcp-returngifts.jpg
services.html,img/home/services-16.jpg,img/home/svcp-cake-v2.jpg
services.html,img/home/services-17.jpg,img/home/svcp-stay.jpg
services.html,img/home/services-18.jpg,img/home/svcp-transport.jpg
services.html,img/home/services-19.jpg,img/home/gstill-27.jpg
services.html,img/home/services-20.jpg,img/home/svcp-kidscorner.jpg
services.html,img/home/services-21.jpg,img/home/svcp-livestreaming-v2.jpg
services.html,img/home/services-22.jpg,img/home/svcp-livecounters.jpg
services.html,img/home/services-23.jpg,img/home/svcp-valet.jpg
services.html,img/home/services-24.jpg,img/home/svcp-fireworks-v2.jpg
services.html,img/home/services-25.jpg,img/home/svcp-security.jpg
services.html,img/home/services-26.jpg,img/home/events-hero.jpg
services.html,img/home/services-27.jpg,img/home/gallery-hero.jpg
services.html,img/home/services-28.jpg,img/home/svcp-sangeet.jpg
services.html,img/home/services-29.jpg,img/home/services-hero.jpg
services.html,img/home/services-30.jpg,img/home/cta-bg.jpg
